# Modern-Era Retrospective Analysis for Research and Applications (MERRA), version 2
# Provider;National Aeronautics and Space Administration (NASA) / Goddard Space Flight Center
# More information at;http://gmao.gsfc.nasa.gov/reanalysis/MERRA-2
# Site latitude (positive means North);-29.900
# Site longitude (positive means East);22.300
# Site altitude (m);1076
# Date beginning;2018-06-04
# Date end;2018-06-06
# Time reference (hour);UT
# Summarization (period of integration);15 minutes (min)
# Date - Instant;The date or instant given for each value corresponds to the end of the summarization

# Columns:
# Temperature (K);Temperature at 2 m above ground
# Relative humidity (%);Relative humidity at 2 m above ground
# Pressure (hPa);Pressure at ground level
# Wind speed (m/s);Wind speed at 10 m above ground
# Wind direction (deg);Wind direction at 10 m above ground (0 means from North, 90 from East...)
# Rainfall (kg/m2);Rainfall (= rain depth in mm)
# Snowfall (kg/m2);Snowfall
# Snow depth (m);Snow depth
# Short-wave irradiation (Wh/m2);Surface incoming shortwave irradiation (broadband)

# MERRA-2 meteorological data
# Date;UT time;Temperature;Relative Humidity;Pressure;Wind speed;Wind direction;Rainfall;Snowfall;Snow depth;Short-wave irradiation
2018-06-04;00:15;277.88;91.10;908.73;6.23;119.83;0.000007;0.000000;0.000000;0.0000
2018-06-04;00:30;277.75;91.95;908.70;6.19;118.35;0.000009;0.000000;0.000000;0.0000
2018-06-04;00:45;277.63;92.63;908.66;6.17;117.12;0.000022;0.000000;0.000000;0.0000
2018-06-04;01:00;277.52;93.12;908.61;6.16;116.14;0.000047;0.000000;0.000000;0.0000
2018-06-04;01:15;277.42;93.62;908.56;6.14;115.16;0.000071;0.000000;0.000000;0.0000
2018-06-04;01:30;277.32;94.12;908.51;6.13;114.17;0.000096;0.000000;0.000000;0.0000
2018-06-04;01:45;277.23;94.41;908.46;6.12;113.37;0.000152;0.000000;0.000000;0.0000
2018-06-04;02:00;277.15;94.51;908.41;6.10;112.76;0.000239;0.000000;0.000000;0.0000
2018-06-04;02:15;277.07;94.60;908.36;6.07;112.14;0.000327;0.000000;0.000000;0.0000
2018-06-04;02:30;277.00;94.69;908.31;6.05;111.52;0.000414;0.000000;0.000000;0.0000
2018-06-04;02:45;276.94;94.62;908.30;6.03;111.24;0.000576;0.000000;0.000000;0.0000
2018-06-04;03:00;276.89;94.38;908.33;6.01;111.32;0.000812;0.000000;0.000000;0.0000
2018-06-04;03:15;276.85;94.14;908.37;5.99;111.39;0.001047;0.000000;0.000000;0.0000
2018-06-04;03:30;276.80;93.89;908.40;5.98;111.47;0.001283;0.000000;0.000000;0.0000
2018-06-04;03:45;276.77;93.63;908.49;5.99;111.53;0.001608;0.000000;0.000000;0.0000
2018-06-04;04:00;276.74;93.35;908.64;6.05;111.56;0.002021;0.000000;0.000000;0.0000
2018-06-04;04:15;276.72;93.07;908.78;6.11;111.60;0.002434;0.000000;0.000000;0.0000
2018-06-04;04:30;276.70;92.79;908.92;6.17;111.63;0.002847;0.000000;0.000000;0.0000
2018-06-04;04:45;276.67;92.57;909.07;6.23;111.34;0.003077;0.000000;0.000000;0.0000
2018-06-04;05:00;276.63;92.41;909.22;6.28;110.73;0.003124;0.000000;0.000000;0.0000
2018-06-04;05:15;276.59;92.26;909.37;6.33;110.13;0.003170;0.000000;0.000000;0.0000
2018-06-04;05:30;276.56;92.10;909.52;6.38;109.53;0.003216;0.000000;0.000000;0.3317
2018-06-04;05:45;276.62;91.38;909.65;6.47;108.48;0.003028;0.000000;0.000000;4.1104
2018-06-04;06:00;276.79;90.10;909.75;6.58;107.01;0.002604;0.000000;0.000000;9.5799
2018-06-04;06:15;276.96;88.84;909.84;6.70;105.58;0.002180;0.000000;0.000000;16.0603
2018-06-04;06:30;277.13;87.60;909.94;6.82;104.20;0.001756;0.000000;0.000000;23.4839
2018-06-04;06:45;277.48;85.43;910.02;6.92;102.70;0.001365;0.000000;0.000000;32.5816
2018-06-04;07:00;278.02;82.43;910.06;7.00;101.07;0.001006;0.000000;0.000000;43.7129
2018-06-04;07:15;278.55;79.54;910.11;7.09;99.47;0.000647;0.000000;0.000000;56.0917
2018-06-04;07:30;279.09;76.76;910.15;7.18;97.92;0.000288;0.000000;0.000000;69.5730
2018-06-04;07:45;279.74;73.45;910.17;7.22;96.78;0.000097;0.000000;0.000000;82.8843
2018-06-04;08:00;280.51;69.69;910.16;7.22;96.02;0.000073;0.000000;0.000000;95.5700
2018-06-04;08:15;281.28;66.14;910.14;7.21;95.26;0.000050;0.000000;0.000000;108.5122
2018-06-04;08:30;282.05;62.79;910.13;7.20;94.51;0.000026;0.000000;0.000000;121.5752
2018-06-04;08:45;282.81;59.65;910.06;7.15;93.92;0.000014;0.000000;0.000000;131.8048
2018-06-04;09:00;283.56;56.71;909.94;7.04;93.49;0.000013;0.000000;0.000000;138.6847
2018-06-04;09:15;284.31;53.93;909.81;6.93;93.04;0.000012;0.000000;0.000000;144.8461
2018-06-04;09:30;285.06;51.30;909.68;6.82;92.58;0.000010;0.000000;0.000000;150.2487
2018-06-04;09:45;285.77;48.73;909.51;6.65;92.03;0.000010;0.000000;0.000000;154.4714
2018-06-04;10:00;286.44;46.22;909.28;6.42;91.35;0.000010;0.000000;0.000000;157.4605
2018-06-04;10:15;287.11;43.85;909.05;6.18;90.62;0.000010;0.000000;0.000000;159.5740
2018-06-04;10:30;287.79;41.60;908.83;5.95;89.84;0.000010;0.000000;0.000000;160.7980
2018-06-04;10:45;288.32;39.67;908.61;5.72;89.13;0.000009;0.000000;0.000000;160.8965
2018-06-04;11:00;288.72;38.00;908.41;5.48;88.49;0.000007;0.000000;0.000000;159.8676
2018-06-04;11:15;289.12;36.39;908.20;5.24;87.80;0.000006;0.000000;0.000000;157.9422
2018-06-04;11:30;289.53;34.85;907.99;5.00;87.04;0.000004;0.000000;0.000000;155.1295
2018-06-04;11:45;289.83;33.59;907.82;4.79;86.21;0.000003;0.000000;0.000000;151.2142
2018-06-04;12:00;290.04;32.59;907.69;4.62;85.31;0.000002;0.000000;0.000000;146.2332
2018-06-04;12:15;290.24;31.61;907.55;4.44;84.34;0.000001;0.000000;0.000000;140.4480
2018-06-04;12:30;290.45;30.66;907.41;4.26;83.30;0.000001;0.000000;0.000000;133.8897
2018-06-04;12:45;290.57;29.96;907.30;4.11;82.18;0.000000;0.000000;0.000000;126.2567
2018-06-04;13:00;290.60;29.52;907.23;3.97;81.02;0.000000;0.000000;0.000000;117.6466
2018-06-04;13:15;290.63;29.08;907.16;3.83;79.76;0.000000;0.000000;0.000000;108.4654
2018-06-04;13:30;290.66;28.64;907.08;3.70;78.42;0.000000;0.000000;0.000000;98.7665
2018-06-04;13:45;290.54;28.87;907.04;3.51;77.53;0.000000;0.000000;0.000000;88.0915
2018-06-04;14:00;290.26;29.80;907.02;3.25;77.11;0.000000;0.000000;0.000000;76.6680
2018-06-04;14:15;289.99;30.75;907.01;2.99;76.62;0.000000;0.000000;0.000000;65.1394
2018-06-04;14:30;289.71;31.72;906.99;2.74;76.04;0.000000;0.000000;0.000000;53.5807
2018-06-04;14:45;289.07;33.26;907.01;2.56;76.92;0.000000;0.000000;0.000000;41.5394
2018-06-04;15:00;288.08;35.45;907.06;2.48;79.47;0.000000;0.000000;0.000000;29.4872
2018-06-04;15:15;287.08;37.80;907.11;2.40;82.19;0.000000;0.000000;0.000000;18.1718
2018-06-04;15:30;286.08;40.33;907.16;2.32;85.08;0.000000;0.000000;0.000000;7.6784
2018-06-04;15:45;285.32;42.02;907.24;2.33;88.56;0.000000;0.000000;0.000000;0.3554
2018-06-04;16:00;284.80;42.72;907.37;2.43;92.26;0.000000;0.000000;0.000000;0.0000
2018-06-04;16:15;284.28;43.42;907.49;2.54;95.66;0.000000;0.000000;0.000000;0.0000
2018-06-04;16:30;283.76;44.12;907.62;2.65;98.78;0.000000;0.000000;0.000000;0.0000
2018-06-04;16:45;283.32;44.88;907.74;2.76;101.25;0.000000;0.000000;0.000000;0.0000
2018-06-04;17:00;282.95;45.69;907.86;2.88;103.15;0.000000;0.000000;0.000000;0.0000
2018-06-04;17:15;282.58;46.52;907.98;2.99;104.90;0.000000;0.000000;0.000000;0.0000
2018-06-04;17:30;282.21;47.37;908.10;3.11;106.52;0.000000;0.000000;0.000000;0.0000
2018-06-04;17:45;281.89;48.04;908.19;3.22;107.46;0.000000;0.000000;0.000000;0.0000
2018-06-04;18:00;281.62;48.50;908.26;3.31;107.81;0.000000;0.000000;0.000000;0.0000
2018-06-04;18:15;281.36;48.98;908.33;3.41;108.13;0.000000;0.000000;0.000000;0.0000
2018-06-04;18:30;281.09;49.45;908.40;3.50;108.43;0.000000;0.000000;0.000000;0.0000
2018-06-04;18:45;280.87;49.79;908.45;3.58;108.32;0.000000;0.000000;0.000000;0.0000
2018-06-04;19:00;280.69;50.00;908.48;3.64;107.82;0.000000;0.000000;0.000000;0.0000
2018-06-04;19:15;280.50;50.20;908.51;3.70;107.33;0.000000;0.000000;0.000000;0.0000
2018-06-04;19:30;280.32;50.40;908.54;3.77;106.86;0.000000;0.000000;0.000000;0.0000
2018-06-04;19:45;280.16;50.54;908.56;3.82;106.07;0.000000;0.000000;0.000000;0.0000
2018-06-04;20:00;280.02;50.61;908.56;3.87;104.96;0.000000;0.000000;0.000000;0.0000
2018-06-04;20:15;279.89;50.67;908.57;3.92;103.87;0.000000;0.000000;0.000000;0.0000
2018-06-04;20:30;279.75;50.74;908.58;3.97;102.82;0.000000;0.000000;0.000000;0.0000
2018-06-04;20:45;279.62;50.88;908.57;4.02;101.48;0.000000;0.000000;0.000000;0.0000
2018-06-04;21:00;279.49;51.10;908.54;4.06;99.87;0.000000;0.000000;0.000000;0.0000
2018-06-04;21:15;279.35;51.32;908.51;4.10;98.28;0.000000;0.000000;0.000000;0.0000
2018-06-04;21:30;279.22;51.54;908.49;4.15;96.74;0.000000;0.000000;0.000000;0.0000
2018-06-04;21:45;279.07;51.89;908.45;4.18;95.03;0.000000;0.000000;0.000000;0.0000
2018-06-04;22:00;278.91;52.38;908.39;4.20;93.15;0.000000;0.000000;0.000000;0.0000
2018-06-04;22:15;278.75;52.87;908.33;4.22;91.29;0.000000;0.000000;0.000000;0.0000
2018-06-04;22:30;278.59;53.37;908.28;4.24;89.45;0.000000;0.000000;0.000000;0.0000
2018-06-04;22:45;278.42;53.94;908.21;4.25;87.60;0.000000;0.000000;0.000000;0.0000
2018-06-04;23:00;278.25;54.59;908.14;4.25;85.74;0.000000;0.000000;0.000000;0.0000
2018-06-04;23:15;278.08;55.25;908.07;4.26;83.88;0.000000;0.000000;0.000000;0.0000
2018-06-04;23:30;277.90;55.91;907.99;4.27;82.03;0.000000;0.000000;0.000000;0.0000
2018-06-04;23:45;277.73;56.60;907.92;4.27;80.31;0.000000;0.000000;0.000000;0.0000
2018-06-04;24:00;277.56;57.31;907.84;4.26;78.71;0.000000;0.000000;0.000000;0.0000
2018-06-05;00:15;277.39;58.03;907.77;4.26;77.11;0.000000;0.000000;0.000000;0.0000
2018-06-05;00:30;277.21;58.75;907.69;4.26;75.50;0.000000;0.000000;0.000000;0.0000
2018-06-05;00:45;277.05;59.46;907.61;4.25;74.14;0.000000;0.000000;0.000000;0.0000
2018-06-05;01:00;276.89;60.14;907.53;4.24;73.01;0.000000;0.000000;0.000000;0.0000
2018-06-05;01:15;276.73;60.84;907.44;4.24;71.88;0.000000;0.000000;0.000000;0.0000
2018-06-05;01:30;276.57;61.54;907.36;4.23;70.74;0.000000;0.000000;0.000000;0.0000
2018-06-05;01:45;276.42;62.20;907.29;4.22;69.89;0.000000;0.000000;0.000000;0.0000
2018-06-05;02:00;276.27;62.83;907.24;4.21;69.33;0.000000;0.000000;0.000000;0.0000
2018-06-05;02:15;276.13;63.45;907.18;4.20;68.77;0.000000;0.000000;0.000000;0.0000
2018-06-05;02:30;275.99;64.09;907.13;4.19;68.21;0.000000;0.000000;0.000000;0.0000
2018-06-05;02:45;275.86;64.64;907.12;4.20;67.92;0.000000;0.000000;0.000000;0.0000
2018-06-05;03:00;275.75;65.11;907.14;4.22;67.91;0.000000;0.000000;0.000000;0.0000
2018-06-05;03:15;275.64;65.58;907.17;4.24;67.89;0.000000;0.000000;0.000000;0.0000
2018-06-05;03:30;275.53;66.06;907.19;4.26;67.88;0.000000;0.000000;0.000000;0.0000
2018-06-05;03:45;275.43;66.44;907.25;4.29;67.96;0.000000;0.000000;0.000000;0.0000
2018-06-05;04:00;275.35;66.73;907.35;4.33;68.12;0.000000;0.000000;0.000000;0.0000
2018-06-05;04:15;275.28;67.02;907.44;4.38;68.27;0.000000;0.000000;0.000000;0.0000
2018-06-05;04:30;275.20;67.31;907.53;4.43;68.42;0.000000;0.000000;0.000000;0.0000
2018-06-05;04:45;275.17;67.37;907.64;4.50;68.45;0.000000;0.000000;0.000000;0.0000
2018-06-05;05:00;275.18;67.19;907.75;4.59;68.37;0.000000;0.000000;0.000000;0.0000
2018-06-05;05:15;275.19;67.01;907.86;4.69;68.28;0.000000;0.000000;0.000000;0.0000
2018-06-05;05:30;275.20;66.83;907.98;4.78;68.20;0.000000;0.000000;0.000000;0.5349
2018-06-05;05:45;275.52;65.27;908.08;4.95;68.05;0.000000;0.000000;0.000000;7.0769
2018-06-05;06:00;276.13;62.43;908.16;5.20;67.85;0.000000;0.000000;0.000000;16.3774
2018-06-05;06:15;276.75;59.73;908.25;5.45;67.67;0.000000;0.000000;0.000000;27.1428
2018-06-05;06:30;277.36;57.16;908.33;5.70;67.51;0.000000;0.000000;0.000000;39.2676
2018-06-05;06:45;278.10;54.36;908.39;5.72;67.63;0.000000;0.000000;0.000000;51.4622
2018-06-05;07:00;278.97;51.38;908.41;5.51;68.06;0.000000;0.000000;0.000000;62.9487
2018-06-05;07:15;279.84;48.58;908.43;5.29;68.53;0.000000;0.000000;0.000000;74.5911
2018-06-05;07:30;280.72;45.95;908.46;5.08;69.03;0.000000;0.000000;0.000000;86.3036
2018-06-05;07:45;281.75;43.02;908.45;4.94;68.27;0.000000;0.000000;0.000000;97.2179
2018-06-05;08:00;282.94;39.88;908.41;4.87;66.18;0.000000;0.000000;0.000000;107.0405
2018-06-05;08:15;284.14;36.99;908.37;4.81;64.03;0.000000;0.000000;0.000000;116.4171
2018-06-05;08:30;285.33;34.34;908.33;4.76;61.83;0.000000;0.000000;0.000000;125.2873
2018-06-05;08:45;286.50;31.68;908.25;4.66;58.17;0.000000;0.000000;0.000000;133.1573
2018-06-05;09:00;287.66;29.04;908.13;4.54;52.86;0.000000;0.000000;0.000000;139.9119
2018-06-05;09:15;288.81;26.64;908.01;4.47;47.32;0.000000;0.000000;0.000000;145.9238
2018-06-05;09:30;289.96;24.45;907.88;4.43;41.63;0.000000;0.000000;0.000000;151.1561
2018-06-05;09:45;290.86;22.76;907.73;4.29;37.10;0.000000;0.000000;0.000000;155.2878
2018-06-05;10:00;291.52;21.48;907.54;4.04;33.42;0.000000;0.000000;0.000000;158.2740
2018-06-05;10:15;292.18;20.26;907.35;3.80;29.27;0.000000;0.000000;0.000000;160.3777
2018-06-05;10:30;292.83;19.12;907.16;3.58;24.59;0.000000;0.000000;0.000000;161.5855
2018-06-05;10:45;293.33;18.30;906.97;3.42;20.72;0.000000;0.000000;0.000000;161.6499
2018-06-05;11:00;293.66;17.77;906.79;3.28;17.91;0.000000;0.000000;0.000000;160.5691
2018-06-05;11:15;293.99;17.25;906.60;3.16;14.87;0.000000;0.000000;0.000000;158.5873
2018-06-05;11:30;294.32;16.75;906.42;3.04;11.59;0.000000;0.000000;0.000000;155.7143
2018-06-05;11:45;294.55;16.39;906.26;2.95;8.84;0.000000;0.000000;0.000000;151.7166
2018-06-05;12:00;294.70;16.16;906.13;2.87;6.73;0.000000;0.000000;0.000000;146.6336
2018-06-05;12:15;294.84;15.94;906.00;2.79;4.49;0.000000;0.000000;0.000000;140.7479
2018-06-05;12:30;294.98;15.73;905.86;2.71;2.13;0.000000;0.000000;0.000000;134.0920
2018-06-05;12:45;295.03;15.62;905.77;2.63;0.09;0.000000;0.000000;0.000000;126.3672
2018-06-05;13:00;294.99;15.62;905.73;2.54;358.40;0.000000;0.000000;0.000000;117.6725
2018-06-05;13:15;294.95;15.62;905.68;2.45;356.58;0.000000;0.000000;0.000000;108.4133
2018-06-05;13:30;294.91;15.62;905.63;2.36;354.63;0.000000;0.000000;0.000000;98.6445
2018-06-05;13:45;294.66;16.79;905.62;2.18;353.30;0.000000;0.000000;0.000000;87.8979
2018-06-05;14:00;294.22;19.21;905.64;1.91;352.58;0.000000;0.000000;0.000000;76.4061
2018-06-05;14:15;293.78;21.76;905.66;1.64;351.61;0.000000;0.000000;0.000000;64.8264
2018-06-05;14:30;293.34;24.43;905.68;1.37;350.27;0.000000;0.000000;0.000000;53.2349
2018-06-05;14:45;292.83;25.51;905.72;1.17;350.16;0.000000;0.000000;0.000000;41.1768
2018-06-05;15:00;292.26;24.85;905.77;1.06;351.99;0.000000;0.000000;0.000000;29.1296
2018-06-05;15:15;291.69;24.12;905.82;0.95;354.24;0.000000;0.000000;0.000000;17.8477
2018-06-05;15:30;291.12;23.30;905.88;0.84;357.08;0.000000;0.000000;0.000000;7.4170
2018-06-05;15:45;290.64;22.89;905.94;0.77;3.61;0.000000;0.000000;0.000000;0.3043
2018-06-05;16:00;290.27;22.95;906.02;0.73;14.12;0.000000;0.000000;0.000000;0.0000
2018-06-05;16:15;289.90;23.00;906.09;0.72;25.28;0.000000;0.000000;0.000000;0.0000
2018-06-05;16:30;289.53;23.05;906.17;0.74;36.28;0.000000;0.000000;0.000000;0.0000
2018-06-05;16:45;289.16;23.30;906.25;0.83;45.29;0.000000;0.000000;0.000000;0.0000
2018-06-05;17:00;288.79;23.78;906.35;0.98;51.25;0.000000;0.000000;0.000000;0.0000
2018-06-05;17:15;288.43;24.27;906.44;1.13;55.61;0.000000;0.000000;0.000000;0.0000
2018-06-05;17:30;288.06;24.77;906.54;1.29;58.90;0.000000;0.000000;0.000000;0.0000
2018-06-05;17:45;287.62;25.44;906.62;1.47;60.27;0.000000;0.000000;0.000000;0.0000
2018-06-05;18:00;287.11;26.31;906.70;1.66;60.27;0.000000;0.000000;0.000000;0.0000
2018-06-05;18:15;286.60;27.21;906.78;1.85;60.28;0.000000;0.000000;0.000000;0.0000
2018-06-05;18:30;286.10;28.15;906.85;2.04;60.28;0.000000;0.000000;0.000000;0.0000
2018-06-05;18:45;285.57;29.23;906.92;2.22;59.65;0.000000;0.000000;0.000000;0.0000
2018-06-05;19:00;285.03;30.46;906.98;2.40;58.51;0.000000;0.000000;0.000000;0.0000
2018-06-05;19:15;284.48;31.75;907.04;2.57;57.52;0.000000;0.000000;0.000000;0.0000
2018-06-05;19:30;283.94;33.10;907.10;2.75;56.67;0.000000;0.000000;0.000000;0.0000
2018-06-05;19:45;283.44;34.35;907.15;2.90;55.54;0.000000;0.000000;0.000000;0.0000
2018-06-05;20:00;282.98;35.48;907.19;3.02;54.15;0.000000;0.000000;0.000000;0.0000
2018-06-05;20:15;282.52;36.66;907.23;3.15;52.87;0.000000;0.000000;0.000000;0.0000
2018-06-05;20:30;282.06;37.88;907.26;3.27;51.69;0.000000;0.000000;0.000000;0.0000
2018-06-05;20:45;281.69;38.88;907.29;3.37;50.41;0.000000;0.000000;0.000000;0.0000
2018-06-05;21:00;281.39;39.63;907.31;3.43;49.01;0.000000;0.000000;0.000000;0.0000
2018-06-05;21:15;281.10;40.40;907.34;3.50;47.65;0.000000;0.000000;0.000000;0.0000
2018-06-05;21:30;280.81;41.19;907.36;3.56;46.35;0.000000;0.000000;0.000000;0.0000
2018-06-05;21:45;280.57;41.82;907.36;3.61;45.00;0.000000;0.000000;0.000000;0.0000
2018-06-05;22:00;280.39;42.28;907.34;3.62;43.57;0.000000;0.000000;0.000000;0.0000
2018-06-05;22:15;280.20;42.75;907.33;3.65;42.16;0.000000;0.000000;0.000000;0.0000
2018-06-05;22:30;280.02;43.22;907.31;3.67;40.77;0.000000;0.000000;0.000000;0.0000
2018-06-05;22:45;279.86;43.60;907.30;3.68;39.37;0.000000;0.000000;0.000000;0.0000
2018-06-05;23:00;279.72;43.88;907.28;3.68;37.96;0.000000;0.000000;0.000000;0.0000
2018-06-05;23:15;279.58;44.16;907.27;3.68;36.54;0.000000;0.000000;0.000000;0.0000
2018-06-05;23:30;279.44;44.44;907.26;3.69;35.13;0.000000;0.000000;0.000000;0.0000
2018-06-05;23:45;279.31;44.65;907.25;3.69;33.72;0.000000;0.000000;0.000000;0.0000
2018-06-05;24:00;279.20;44.80;907.23;3.68;32.29;0.000000;0.000000;0.000000;0.0000
2018-06-06;00:15;279.08;44.95;907.22;3.67;30.86;0.000000;0.000000;0.000000;0.0000
2018-06-06;00:30;278.97;45.10;907.21;3.67;29.42;0.000000;0.000000;0.000000;0.0000
2018-06-06;00:45;278.86;45.22;907.18;3.66;28.10;0.000000;0.000000;0.000000;0.0000
2018-06-06;01:00;278.76;45.32;907.15;3.65;26.89;0.000000;0.000000;0.000000;0.0000
2018-06-06;01:15;278.66;45.41;907.12;3.65;25.69;0.000000;0.000000;0.000000;0.0000
2018-06-06;01:30;278.56;45.51;907.08;3.64;24.47;0.000000;0.000000;0.000000;0.0000
2018-06-06;01:45;278.46;45.63;907.05;3.64;23.48;0.000000;0.000000;0.000000;0.0000
2018-06-06;02:00;278.36;45.77;907.01;3.64;22.71;0.000000;0.000000;0.000000;0.0000
2018-06-06;02:15;278.27;45.92;906.98;3.64;21.94;0.000000;0.000000;0.000000;0.0000
2018-06-06;02:30;278.17;46.07;906.94;3.65;21.17;0.000000;0.000000;0.000000;0.0000
2018-06-06;02:45;278.07;46.26;906.93;3.65;20.64;0.000000;0.000000;0.000000;0.0000
2018-06-06;03:00;277.98;46.51;906.95;3.66;20.36;0.000000;0.000000;0.000000;0.0000
2018-06-06;03:15;277.89;46.76;906.97;3.67;20.08;0.000000;0.000000;0.000000;0.0000
2018-06-06;03:30;277.80;47.01;906.99;3.68;19.80;0.000000;0.000000;0.000000;0.0000
2018-06-06;03:45;277.71;47.38;907.03;3.69;19.64;0.000000;0.000000;0.000000;0.0000
2018-06-06;04:00;277.61;47.86;907.11;3.70;19.58;0.000000;0.000000;0.000000;0.0000
2018-06-06;04:15;277.52;48.34;907.19;3.71;19.52;0.000000;0.000000;0.000000;0.0000
2018-06-06;04:30;277.42;48.83;907.27;3.72;19.46;0.000000;0.000000;0.000000;0.0000
2018-06-06;04:45;277.37;49.34;907.36;3.72;19.39;0.000000;0.000000;0.000000;0.0000
2018-06-06;05:00;277.36;49.86;907.46;3.72;19.30;0.000000;0.000000;0.000000;0.0000
2018-06-06;05:15;277.36;50.37;907.56;3.71;19.21;0.000000;0.000000;0.000000;0.0000
2018-06-06;05:30;277.35;50.89;907.67;3.71;19.12;0.000000;0.000000;0.000000;0.4910
2018-06-06;05:45;277.85;49.92;907.77;3.79;19.02;0.000000;0.000000;0.000000;7.0046
2018-06-06;06:00;278.86;47.54;907.86;3.95;18.92;0.000000;0.000000;0.000000;16.3626
2018-06-06;06:15;279.87;45.28;907.96;4.11;18.83;0.000000;0.000000;0.000000;27.1678
2018-06-06;06:30;280.87;43.14;908.05;4.27;18.74;0.000000;0.000000;0.000000;39.3149
2018-06-06;06:45;281.77;41.36;908.12;4.31;19.01;0.000000;0.000000;0.000000;51.5137
2018-06-06;07:00;282.56;39.90;908.18;4.24;19.64;0.000000;0.000000;0.000000;62.9836
2018-06-06;07:15;283.35;38.50;908.23;4.16;20.30;0.000000;0.000000;0.000000;74.5894
2018-06-06;07:30;284.14;37.15;908.28;4.08;20.99;0.000000;0.000000;0.000000;86.2467
2018-06-06;07:45;285.05;35.68;908.30;4.01;19.28;0.000000;0.000000;0.000000;97.0961
2018-06-06;08:00;286.06;34.12;908.29;3.95;15.06;0.000000;0.000000;0.000000;106.8472
2018-06-06;08:15;287.08;32.63;908.28;3.93;10.76;0.000000;0.000000;0.000000;116.1399
2018-06-06;08:30;288.10;31.20;908.26;3.92;6.42;0.000000;0.000000;0.000000;124.9152
2018-06-06;08:45;289.13;29.52;908.19;4.09;359.05;0.000000;0.000000;0.000000;132.7190
2018-06-06;09:00;290.15;27.64;908.07;4.51;349.99;0.000000;0.000000;0.000000;139.4427
2018-06-06;09:15;291.18;25.89;907.94;5.03;342.63;0.000000;0.000000;0.000000;145.4232
2018-06-06;09:30;292.20;24.26;907.81;5.61;336.72;0.000000;0.000000;0.000000;150.6241
2018-06-06;09:45;292.95;23.01;907.65;5.90;333.25;0.000000;0.000000;0.000000;154.7121
2018-06-06;10:00;293.41;22.07;907.46;5.87;331.31;0.000000;0.000000;0.000000;157.6418
2018-06-06;10:15;293.88;21.17;907.26;5.84;329.34;0.000000;0.000000;0.000000;159.6898
2018-06-06;10:30;294.34;20.30;907.07;5.81;327.36;0.000000;0.000000;0.000000;160.8435
2018-06-06;10:45;294.69;19.66;906.87;5.76;325.98;0.000000;0.000000;0.000000;160.8589
2018-06-06;11:00;294.91;19.22;906.67;5.68;325.20;0.000000;0.000000;0.000000;159.7352
2018-06-06;11:15;295.14;18.80;906.46;5.59;324.40;0.000000;0.000000;0.000000;157.7146
2018-06-06;11:30;295.36;18.38;906.26;5.51;323.56;0.000000;0.000000;0.000000;154.8075
2018-06-06;11:45;295.51;18.09;906.08;5.43;322.95;0.000000;0.000000;0.000000;150.8007
2018-06-06;12:00;295.58;17.91;905.91;5.36;322.57;0.000000;0.000000;0.000000;145.7328
2018-06-06;12:15;295.65;17.74;905.75;5.28;322.18;0.000000;0.000000;0.000000;139.8661
2018-06-06;12:30;295.73;17.57;905.59;5.21;321.78;0.000000;0.000000;0.000000;133.2333
2018-06-06;12:45;295.71;17.52;905.46;5.13;321.42;0.000000;0.000000;0.000000;125.5203
2018-06-06;13:00;295.62;17.58;905.37;5.04;321.09;0.000000;0.000000;0.000000;116.8287
2018-06-06;13:15;295.53;17.65;905.28;4.96;320.75;0.000000;0.000000;0.000000;107.5810
2018-06-06;13:30;295.44;17.71;905.19;4.87;320.40;0.000000;0.000000;0.000000;97.8324
2018-06-06;13:45;295.10;18.61;905.14;4.60;319.97;0.000000;0.000000;0.000000;87.1012
2018-06-06;14:00;294.53;20.42;905.14;4.16;319.40;0.000000;0.000000;0.000000;75.6258
2018-06-06;14:15;293.96;22.33;905.14;3.72;318.70;0.000000;0.000000;0.000000;64.0792
2018-06-06;14:30;293.38;24.37;905.13;3.29;317.81;0.000000;0.000000;0.000000;52.5384
2018-06-06;14:45;292.46;26.40;905.17;3.08;316.77;0.000000;0.000000;0.000000;40.5423
2018-06-06;15:00;291.19;28.47;905.24;3.09;315.79;0.000000;0.000000;0.000000;28.5765
2018-06-06;15:15;289.91;30.73;905.31;3.11;314.82;0.000000;0.000000;0.000000;17.4045
2018-06-06;15:30;288.64;33.19;905.38;3.13;313.86;0.000000;0.000000;0.000000;7.1131
2018-06-06;15:45;287.78;34.67;905.46;3.15;313.40;0.000000;0.000000;0.000000;0.2578
2018-06-06;16:00;287.33;34.99;905.57;3.15;313.43;0.000000;0.000000;0.000000;0.0000
2018-06-06;16:15;286.88;35.31;905.68;3.16;313.46;0.000000;0.000000;0.000000;0.0000
2018-06-06;16:30;286.43;35.62;905.78;3.17;313.48;0.000000;0.000000;0.000000;0.0000
2018-06-06;16:45;286.10;35.91;905.89;3.16;314.18;0.000000;0.000000;0.000000;0.0000
2018-06-06;17:00;285.89;36.19;905.98;3.13;315.56;0.000000;0.000000;0.000000;0.0000
2018-06-06;17:15;285.68;36.48;906.08;3.10;316.97;0.000000;0.000000;0.000000;0.0000
2018-06-06;17:30;285.48;36.76;906.18;3.07;318.40;0.000000;0.000000;0.000000;0.0000
2018-06-06;17:45;285.26;37.11;906.25;3.06;320.66;0.000000;0.000000;0.000000;0.0000
2018-06-06;18:00;285.03;37.53;906.30;3.05;323.75;0.000000;0.000000;0.000000;0.0000
2018-06-06;18:15;284.80;37.95;906.35;3.05;326.85;0.000000;0.000000;0.000000;0.0000
2018-06-06;18:30;284.57;38.37;906.41;3.07;329.92;0.000000;0.000000;0.000000;0.0000
2018-06-06;18:45;284.32;38.88;906.43;3.10;333.04;0.000000;0.000000;0.000000;0.0000
2018-06-06;19:00;284.05;39.46;906.42;3.15;336.16;0.000000;0.000000;0.000000;0.0000
2018-06-06;19:15;283.79;40.06;906.42;3.21;339.16;0.000000;0.000000;0.000000;0.0000
2018-06-06;19:30;283.52;40.67;906.41;3.28;342.05;0.000000;0.000000;0.000000;0.0000
2018-06-06;19:45;283.26;41.30;906.40;3.35;344.20;0.000000;0.000000;0.000000;0.0000
2018-06-06;20:00;283.02;41.95;906.38;3.41;345.66;0.000000;0.000000;0.000000;0.0000
2018-06-06;20:15;282.77;42.62;906.37;3.48;347.06;0.000000;0.000000;0.000000;0.0000
2018-06-06;20:30;282.53;43.30;906.35;3.55;348.41;0.000000;0.000000;0.000000;0.0000
2018-06-06;20:45;282.31;43.96;906.35;3.60;348.92;0.000000;0.000000;0.000000;0.0000
2018-06-06;21:00;282.12;44.59;906.35;3.63;348.63;0.000000;0.000000;0.000000;0.0000
2018-06-06;21:15;281.93;45.23;906.36;3.67;348.35;0.000000;0.000000;0.000000;0.0000
2018-06-06;21:30;281.73;45.88;906.37;3.70;348.08;0.000000;0.000000;0.000000;0.0000
2018-06-06;21:45;281.56;46.51;906.37;3.72;347.48;0.000000;0.000000;0.000000;0.0000
2018-06-06;22:00;281.40;47.12;906.38;3.73;346.57;0.000000;0.000000;0.000000;0.0000
2018-06-06;22:15;281.25;47.74;906.38;3.74;345.67;0.000000;0.000000;0.000000;0.0000
2018-06-06;22:30;281.09;48.36;906.39;3.74;344.76;0.000000;0.000000;0.000000;0.0000
2018-06-06;22:45;280.95;48.97;906.39;3.75;344.19;0.000000;0.000000;0.000000;0.0000
2018-06-06;23:00;280.82;49.55;906.37;3.76;343.95;0.000000;0.000000;0.000000;0.0000
2018-06-06;23:15;280.69;50.15;906.36;3.76;343.71;0.000000;0.000000;0.000000;0.0000
2018-06-06;23:30;280.56;50.75;906.34;3.77;343.47;0.000000;0.000000;0.000000;0.0000
2018-06-06;23:45;280.44;51.31;906.32;3.78;343.61;0.000000;0.000000;0.000000;0.0000
2018-06-06;24:00;280.35;51.82;906.27;3.80;344.12;0.000000;0.000000;0.000000;0.0000
